time,volumeto,volumefrom,volumetotal
1499990400,2220117.07,0,2220117.07
1500076800,2521268.62,0,2521268.62
1500163200,2646573.96,0,2646573.96
1500249600,2636807.24,0,2636807.24
1500336000,3028387.4,0,3028387.4
1500422400,3107002.24,0,3107002.24
1500508800,3752737.93,0,3752737.93
1500595200,3636182.74,0,3636182.74
1500681600,4477916.45,0,4477916.45
1500768000,6895108.59,0,6895108.59
1500854400,7587771,0,7587771
1500940800,5058886.83,0,5058886.83
1501027200,5247097.08,0,5247097.08
1501113600,7614763.23,0,7614763.23
1501200000,7981639.18,0,7981639.18
1501286400,7976243.66,0,7976243.66
1501372800,8385397.18,0,8385397.18
1501459200,8272418.79,0,8272418.79
1501545600,9077098.82,0,9077098.82
1501632000,10024826.59,0,10024826.59
1501718400,9371906.75,0,9371906.75
1501804800,13173783.69,0,13173783.69
1501891200,15087089.32,0,15087089.32
1501977600,16891784.63,0,16891784.63
1502064000,27139247.31,0,27139247.31
1502150400,31254820.62,0,31254820.62
1502236800,36298037.13,0,36298037.13
1502323200,53889077.74,0,53889077.74
1502409600,64552399.6,0,64552399.6
1502496000,54734718.02,0,54734718.02
1502582400,80468852.6,0,80468852.6
1502668800,108577454.4,0,108577454.4
1502755200,78163257.71,0,78163257.71
1502841600,59252451.24,0,59252451.24
1502928000,66207771.95,3376067.88,69583882.62
1503014400,142860266.4,4736283.26,147596549.6
1503100800,90980603.3,1540439.52,92521042.81
1503187200,90987003.05,1885031.76,92872034.82
1503273600,94779930.53,2743974.11,97523904.64
1503360000,72430918.13,3843949.93,76274868.06
1503446400,84377193.4,4060338.75,88437532.15
1503532800,71097703.05,3327115.94,74424818.99
1503619200,66343309.12,2458734.02,68802043.14
1503705600,52193782.63,982575.25,53176357.88
1503792000,57811251.51,1510017.75,59321269.26
1503878400,42579948.37,2604112.38,45184104.65
1503964800,87827975.68,2731353.82,90559329.49
1504051200,52956750.27,3621181.59,56577931.86
1504137600,48225248.66,2605162.82,50830411.48
1504224000,56734903.23,2727590.83,59462494.06
1504310400,75299841.54,4062357.68,79362153.49
1504396800,88215867.56,3075064.73,91290932.29
1504483200,84563490.48,5589975.43,90153465.91
1504569600,42673633.51,5181550.82,47855184.32
1504656000,38499626.7,3600284.45,42099911.15
1504742400,44381837.03,2233571.15,46615408.18
1504828800,51653659.61,4795177.59,56448837.2
1504915200,19697270.07,2855073.27,22552343.34
1505001600,19939081.57,2755327.86,22694409.43
1505088000,26544763.14,2891665.7,29436386.67
1505174400,40598628.43,3634480.19,44233067.03
1505260800,20339186.71,3488098.86,23827285.57
1505347200,24216499.96,5326888.62,29543388.58
1505433600,26204550.52,7239306.64,33443857.17
1505520000,19860944.06,4734987.49,24595931.55
1505606400,12432731.23,2494766.7,14927534.83
1505692800,17725674.45,4213734.75,21939368.2
1505779200,20670216.51,3512513.53,24182730.04
1505865600,17937481.46,2793563.51,20731044.97
1505952000,20164978.03,3512586.21,23677528.07
1506038400,24001296.36,3000571.64,27001868
1506124800,23836721.93,2832643.48,26669365.41
1506211200,23942634.14,2419903.05,26362500.51
1506297600,35759374.76,2834154.61,38593568.7
1506384000,48238143.77,2037088.84,50275232.6
1506470400,73781147.93,2633888.66,76415036.59
1506556800,95901985.96,3522457.96,99424443.92
1506643200,74866654.25,6514643.2,81381297.45
1506729600,84297238.32,3076504.62,87373786.55
1506816000,83423849.18,3191799.94,86615649.12
1506902400,95769290.17,2792857.61,98562147.78
1506988800,80569209.74,4620357.35,85189610.24
1507075200,76838124.81,3627288.24,80465413.06
1507161600,62467581.99,3286195.83,65753777.82
1507248000,60099310.4,2195457.11,62294767.51
1507334400,60374567.88,1278134.29,61652702.18
1507420800,70774514.74,2324896.32,73099411.06
1507507200,76813296.39,3054106.03,79867354.65
1507593600,65785764.65,4936746.3,70722463.32
1507680000,51604563.88,3558136.95,55162700.84
1507766400,68118318.35,6884107.41,75002425.76
1507852800,84164799.15,10518563.43,94683362.59
1507939200,62984977.36,5627776.55,68612753.92
1508025600,70003938.98,7562097.72,77566036.7
1508112000,82137375.91,8731777.81,90869153.72
1508198400,74824125.93,7962468.43,82786594.36
1508284800,73288430.73,12799875.35,86088250.32
1508371200,68313193.73,10651004.8,78964198.52
1508457600,78295007.87,11570058.44,89865066.31
1508544000,60577846.11,9914876.82,70492722.94
1508630400,56409575,8064596.14,64474171.13
1508716800,61331069.35,10560731.78,71891801.14
1508803200,91688474.53,14090826.04,105779300.6
1508889600,66104361.66,12936477.4,79040839.06
1508976000,63227455.92,11538243.7,74765640.74
1509062400,61774581.39,8036546.03,69811127.42
1509148800,59622886.35,7269244.2,66892130.55
1509235200,83323609.03,10963733.07,94287280.62
1509321600,71062041.85,8984502.49,80046544.34
1509408000,78610875.38,9669828.15,88280703.53
1509494400,88714934.33,11183704.13,99898638.46
1509580800,104139366.1,17278152.43,121417448.3
1509667200,104776269.3,13286707.89,118062977.2
1509753600,86520673.55,10204017.66,96724691.21
1509840000,78143826.19,8812629.54,86956455.73
1509926400,101055257.2,12119151.08,113174477.9
1510012800,108247188.5,10098334.81,118345523.3
1510099200,165091710.6,20090466.55,185182177.2
1510185600,148135555.3,13498310.16,161633794.2
1510272000,170881313.8,20920148.93,191801462.8
1510358400,211967513.2,17026771.81,228994285
1510444800,372924203,28535029.4,401459232.4
1510531200,231121124.2,16589264.55,247710388.8
1510617600,205048697.4,8105543.74,213154241.2
1510704000,194219806.9,12715263.97,206935143.7
1510790400,235613462.9,18017912.66,253631375.6
1510876800,239377970.6,29976983.34,269354953.9
1510963200,279424460.7,30445767.12,309870227.8
1511049600,259879896.1,30931913.01,290811809.1
1511136000,341177144.6,31799769.33,372976913.9
1511222400,262963663.1,36191394.96,299155058
1511308800,357916856.7,28975816.89,386892673.6
1511395200,372355516.4,32490691.38,404846207.8
1511481600,357780074,35524471.46,393304545.4
1511568000,300778843.6,37020607.42,337799451
1511654400,309006168.8,38281746.68,347287915.4
1511740800,368468584.4,43546142.14,412014726.6
1511827200,415737776.4,48312450.5,464050226.9
1511913600,468489714.9,128304583.1,596794199.6
1512000000,401935939.2,91328763.1,493264702.3
1512086400,403271066.4,65536480.76,468807547.2
1512172800,369395583.1,51299979.84,420695563
1512259200,427109350.6,58617833.15,485727183.8
1512345600,522508819.4,53460105.68,575968925.1
1512432000,729818299.7,64296620.06,794114919.8
1512518400,955773034.4,90151530.63,1045924565
1512604800,813192590.5,122382959,935575549.6
1512691200,716076132.5,278330389.7,994406522.2
1512777600,620501564.3,203725939.5,824227355.4
1512864000,528624789.9,242571452.8,771196242.8
1512950400,668811048.5,194645309.7,863456358.2
1513036800,1166986688,159040175.3,1326026863
1513123200,1099863124,197695121.6,1297558246
1513209600,1518181399,184774231.9,1702955795
1513296000,1362015769,158428333.8,1520444103
1513382400,1634487102,79670144.56,1714157246
1513468800,1994743426,171223993.8,2165967230
1513555200,1845268713,195054042.5,2040322945
1513641600,2114405261,221289634.1,2335694895
1513728000,2705653173,210509581.4,2916162590
1513814400,2247653901,307608544.7,2555262445
1513900800,1822670184,457427491.7,2280097812
1513987200,1732924061,179134863.9,1912058925
1514073600,1390877662,376581884.3,1767459546
1514160000,1755381208,211788241.9,1967169312
1514246400,2082477097,228759252.9,2311236508
1514332800,1752050878,221167117.4,1973217841
1514419200,1638807767,295790478.3,1934598245
1514505600,2312750421,252299737.1,2565050158
1514592000,2481772171,226171629.9,2707943801
1514678400,2439769705,154917139.5,2594686845
1514764800,2259855765,110651228,2370506993
1514851200,3506139879,285106742.5,3791246622
1514937600,3570596691,232267320.1,3802864011
1515024000,5447206245,310066037.1,5757272282
1515110400,6320040565,368378031,6688418596
1515196800,3940939129,248446432.3,4189385562
1515283200,3036828485,146957186.2,3183785671
1515369600,3603614848,329791737.2,3933406435
1515456000,3909923311,189777961.2,4099701272
1515542400,3618688283,237576317.6,3856264750
1515628800,3054949280,407004258.3,3461953538
1515715200,2295662956,216249631.3,2511912726
1515801600,3458982427,167516325.4,3626498895
1515888000,2357487386,215971661.3,2573459047
1515974400,2517502129,183741368.8,2701243497
1516060800,2357254923,651935442.7,3009190366
1516147200,2464250527,733835563.1,3198086090
1516233600,2411456835,498768039.6,2910224763
1516320000,1874624226,365528527.3,2240152753
1516406400,1931737836,343791211.6,2275529047
1516492800,1283789850,441192773.1,1724982623
1516579200,1508400490,434751706.7,1943152197
1516665600,1369436059,375440784,1744876843
1516752000,1584113603,290132644.4,1874246247
1516838400,1142830161,218315256,1361145417
1516924800,1197915544,338174191.4,1536089735
1517011200,996815769.3,203435178.5,1200250948
1517097600,1317794007,188161102.5,1505955109
1517184000,1038841440,150493926.1,1189335366
1517270400,1037151330,239596338,1276747668
1517356800,885352258.3,171714297.4,1057066556
1517443200,1071813506,285213078.6,1357026584
1517529600,1296830232,405253831.2,1702084063
1517616000,788945992.8,248506412.1,1037452405
1517702400,677647007.6,243691398.1,921338405.7
1517788800,634492807.6,392299504.8,1026792312
1517875200,890244091.7,682126127.8,1572370296
1517961600,642388985,423209101.5,1065598087
1518048000,18040190.46,11373317.99,29413508.46
1518134400,554883409.7,166110931.5,720994254.1
1518220800,945678051.6,386037859.5,1331715911
1518307200,673402011.6,334203386.8,1007605398
1518393600,659462050.5,342183143.8,1001645194
1518480000,616571757,278461193.5,895032950.5
1518566400,973238995.3,352544150,1325783050
1518652800,1081772301,472647419.4,1554419720
1518739200,998148511.9,358809983.6,1356958495
1518825600,1069421593,426531697.7,1495953291
1518912000,831039731.9,574610031.6,1405649763
1518998400,857778944.6,401818570.2,1259597515
1519084800,1011960036,483766466.5,1495726502
1519171200,839055625.2,636216951.7,1475272472
1519257600,728978497.5,592456031,1321434529
1519344000,918276587.6,526065014.3,1444341602
1519430400,910769979.9,364948259.6,1275718239
1519516800,770660668.2,256071759.9,1026732428
1519603200,873877171.1,328686918.7,1202564090
1519689600,850031897.7,301851387.1,1151883285
1519776000,858195046.8,292652635.5,1150847579
1519862400,936483833.5,255687146.5,1192170980
1519948800,948729899.6,246559409,1195289309
1520035200,785616786,229821192.1,1015437978
1520121600,696449055.8,186974090.5,883423146.3
1520208000,832038987.6,163328662.3,995367649.9
1520294400,739274434.5,295101846.7,1034376281
1520380800,877537761.3,425278350.5,1302816013
1520467200,583022729,346179874.4,929202696.5
1520553600,575446632.1,539568315,1115014947
1520640000,401881286.8,301177177.6,703058464.4
1520726400,399210642.2,386704038.4,785914680.6
1520812800,445241720.7,341627883.8,786869604.4
1520899200,750859524.9,337679030.1,1088538555
1520985600,648988748.7,365271916.6,1014260665
1521072000,757725774.2,385605238,1143331012
1521158400,633134400.5,294757165.7,927891649.1
1521244800,523105142.2,242482860.3,765588002.6
1521331200,727526412.9,435335606.9,1162862020
1521417600,795488631.6,428896788.8,1224385420
1521504000,893529625.3,370008303,1263537928
1521590400,1046938994,328114213.8,1375053208
1521676800,889029132.4,325407203.1,1214436335
1521763200,1321289393,330078316.4,1651367709
1521849600,1370551490,282672035,1653223525
1521936000,962427777.4,230331105.2,1192758883
1522022400,1024756241,325439737.1,1350195978
1522108800,849805311.6,269817029,1119622341
1522195200,786020235.6,197934814.5,983955129.7
1522281600,818018723.6,350150487.2,1168169211
1522368000,671190910,403731356.1,1074922266
1522454400,645534938.5,236190253.4,881725122.4
1522540800,535301163.8,275233955.2,810535119
1522627200,551780667.9,211761596.4,763542264.3
1522713600,880104178.5,262959666.1,1143063845
1522800000,832964579.3,262915136.9,1095879716
1522886400,1070195631,244978928.8,1315174560
1522972800,647296808.9,168940653.5,816237462.4
1523059200,732818405.5,207622109.9,940440515.3
1523145600,596708119.3,143206928.4,739915047.7
1523232000,712893521,209901171.6,922794692.6
1523318400,874252272.3,143854439.3,1018106712
1523404800,1013141303,158954231.5,1172095534
1523491200,1432197699,415910992.7,1848108692
1523577600,1307338804,386789953,1694128678
1523664000,808412528.4,235836924.2,1044249453
1523750400,833824981.5,212664149.1,1046489131
1523836800,912575924.9,264963695.1,1177539620
1523923200,1450369811,232593791,1682963523
1524009600,1245652540,201457291.3,1447109831
1524096000,1477752850,209496759.8,1687249527
1524182400,1483729443,318959165.7,1802688609
1524268800,1335761019,334967795.5,1670728814
1524355200,1201466608,239368668.7,1440835277
1524441600,1218990279,218553203.3,1437543392
1524528000,2073820609,407853062.3,2481673671
1524614400,1851225164,640549447.3,2491774611
1524700800,1491757444,366346990.6,1858104435
1524787200,1361885401,307043774.1,1668929175
1524873600,1502029558,299451930.7,1801481489
1524960000,2013514543,332291741.1,2345806284
1525046400,2154659766,297800367.5,2452460133
1525132800,1601033127,339677354.7,1940710482
1525219200,1359091462,223983177.1,1583074639
1525305600,2173016552,349102707.3,2522119260
1525392000,1505480445,257178078.4,1762658523
1525478400,1242185426,226821376.7,1469006705
1525564800,1091182364,249276622.5,1340458987
1525651200,1144784058,292755159.7,1437539218
1525737600,1154066127,217630370.8,1371696406
1525824000,1424502642,225036012.1,1649538654
1525910400,1324884868,208019433,1532904301
1525996800,1285510618,364981634.6,1650492253
1526083200,979246384.2,316040535.6,1295286920
1526169600,1019809135,207631697.4,1227440833
1526256000,1067370594,294753883.7,1362124391
1526342400,999536446,204452671.9,1203989118
1526428800,919055099.1,224633049.4,1143688148
1526515200,835978710.6,178130274.1,1014108985
1526601600,840920365.4,180120580.4,1021041028
1526688000,681771803.6,133200148.3,814971869.4
1526774400,797602549.1,159748340.9,957350890
1526860800,830175721.9,168378855,998554576.9
1526947200,752214647.1,176206008.5,928420655.6
1527033600,882631115.5,292333904.3,1174965020
1527120000,758275507.4,261793672.3,1020069180
1527206400,635650044.3,185280535.3,820930654.3
1527292800,527850811.7,134459175.8,662309987.4
1527379200,624887897.7,129481821.3,754369719
1527465600,750580750.1,179211254.6,929792004.8
1527552000,902040421.9,269516014.3,1171556361
1527638400,823510567.9,221600747.3,1045111315
1527724800,839651281.1,214693302.8,1054344659
1527811200,753568734.1,200777340.2,954346074.4
1527897600,857718841.1,193838500.3,1051557341
1527984000,757087539.3,200364104.1,957451643.4
1528070400,813759180.8,225871530.8,1039630712
1528156800,741436993.9,217011721.7,958448715.6
1528243200,761514042.5,199015684.8,960529727.4
1528329600,759928707,185194498.6,945123205.6
1528416000,707198407.3,167374332.6,874572739.9
1528502400,571806235.3,138146554.1,709952864.5
1528588800,751441883.1,313929408.1,1065371291
1528675200,599447344.6,223559966.7,823007311.3
1528761600,668671167.8,219720698.9,888391866.7
1528848000,651674824.7,263543245.3,915218070
1528934400,656471607.3,267539691.9,924011299.1
1529020800,433099293.4,179930049.1,613029342.5
1529107200,382300991.3,137591159.1,519892150.4
1529193600,336104782.2,124320724.7,460425506.9
1529280000,561828452.2,199265708.1,761094160.3
1529366400,602141983.1,156685818.3,758827801.4
1529452800,515481996.9,168059276.5,683541273.5
1529539200,567835207.2,165397168.2,733232308.2
1529625600,575247957.5,279518730.6,854766688.2
1529712000,395093177.7,155863553.4,550956731.2
1529798400,485182816.5,254292791.3,739475607.8
1529884800,402679297,226574462,629253759
1529971200,244120876.9,109314911.5,353435788.4
1530057600,344763296.4,111984527.6,456747823.9
1530144000,366285028.2,169669541.1,535954510.7
1530230400,410698012,191536307.3,602234319.3
1530316800,510817310,223911842.3,734729152.2
1530403200,520653373.8,163038904.4,683692278.1
1530489600,686254187.7,218495072,904749325.9
1530576000,851330423.5,229128493.2,1080458917
1530662400,493568343,141112823,634681165.9
1530748800,536489734.2,212012435,748502169.2
1530835200,516511675.5,181749253.3,698260928.8
1530921600,451635187.7,148534353.5,600169541.2
1531008000,434211634.6,156257002.6,590468637.2
1531094400,445014760.9,166600560.8,611615388.3
1531180800,420231470.1,222069044.8,642300514.9
1531267200,399004547.1,174317095.6,573321642.7
1531353600,378071956.6,177870707.1,555942663.6
1531440000,469934579.5,150973077.2,620907656.7
1531526400,339498198.3,106448640.8,445946839
1531612800,377375670.1,141940690.6,519316360.7
1531699200,481526422.9,226128870.8,707655293.6
1531785600,596309416,327865575.5,924174991.5
1531872000,702050967.2,394120559,1096171526
1531958400,535443062.3,285771057.2,821214119.5
1532044800,523726575.5,298502465.3,822229040.8
1532131200,417305990.5,201977767.7,619283832.3
1532217600,407521530.4,211147863.3,618669393.7
1532304000,536933001.7,293604142.6,830537144.4
1532390400,661562238.1,460526175.3,1122088413
1532476800,614718709.4,367196035.8,981914745.3
1532563200,482997616.4,313800686.8,796798303.2
1532649600,422595616.4,330335168.2,752930784.7
1532736000,375733783.1,207601801.6,583335584.8
1532822400,412917681,202749539.5,615667220.5
1532908800,390877969.6,294432348.2,685310317.8
1532995200,418389536.4,337896700.8,756286237.2
1533081600,359507406.9,299829578.9,659336985.8
1533168000,324013948.5,251972156.6,575986105.1
1533254400,440423115.4,306198602.2,746621717.6
1533340800,364812519.8,231567211,596379660.6
1533427200,296772159.8,219343969.1,516116128.9
1533513600,331841307.5,213883626.2,545725003.1
1533600000,479968886.2,277090511.4,757059397.6
1533686400,402810702.8,334999485.1,737810187.9
1533772800,342945865.3,312302629.1,655248494.4
1533859200,326513964.4,322025359.5,648539385.4
1533945600,338963117.6,263088664.6,602051782.2
1534032000,250874813,219481578.4,470356454.6
1534118400,332752166.5,313791142.7,646543309.1
1534204800,355915626.2,275315184.6,631230810.8
1534291200,355967118.8,388052852.5,744019908.5
1534377600,325945356.4,284687365.4,610632721.8
1534464000,550142967.6,358221043.4,908364011
1534550400,423054355.4,324117267.6,747171687
1534636800,295260807.7,284394039.4,579654847.1
1534723200,327061746.9,291836194.7,618897941.7
1534809600,287494702.2,258699878.6,546194580.8
1534896000,342955646.1,427566033.7,770521679.8
1534982400,290034800.3,250116930,540151730.3
1535068800,338974900.3,240944650.2,579919550.5
1535155200,287021529.2,122110407.2,409131936.4
1535241600,382996845.9,124762629.7,507759475.6
1535328000,495505968.7,238653197.6,734159097.1
1535414400,534303642.7,317900750.5,852204393.2
1535500800,447972235.3,283637857.3,731610092.6
1535587200,387807800.5,290909548.3,678717278.8
1535673600,400517114.8,270645823.8,671162938.6
1535760000,439126883.5,272714639.6,711841523.1
1535846400,376596508.4,275396664,651993172.4
1535932800,390192380.3,224748215.9,614940596.2
1536019200,421717318.2,249663146.1,671380464.4
1536105600,589063571.5,383864509.7,972928081.2
1536192000,443883641.4,353345365.1,797228941.3
1536278400,338661948.4,238473333.5,577135281.9
1536364800,287351561.3,215046845.5,502398406.8
1536451200,289266950.7,214934075.6,504201026.2
1536537600,294516878.4,198771712.1,493288527.3
1536624000,308077601.1,195270212.2,503347813.3
1536710400,327426496.6,191804421.2,519230917.7
1536796800,395305995,247539700.3,642845760.2
1536883200,348910627.2,225565656.1,574476218.5
1536969600,272364604.4,159701868.4,432066472.8
1537056000,324933169.1,166955283.9,491888453.1
1537142400,417905827.1,208531766.4,626437593.5
1537228800,365156387.6,199351327,564507714.6
1537315200,325109782.5,221022614.5,546132397
1537401600,475139669.5,153742354.2,628882088.8
1537488000,895950905.7,323341964,1219292870
1537574400,508410350.4,183630299.2,692040649.5
1537660800,442560379.4,196468000.8,639028380.2
1537747200,394145407.5,219985297.4,614130704.8
1537833600,492237068.2,245110577.1,737347645.3
1537920000,472894615.5,207106877.6,680001493.1
1538006400,426472395,209720831,636193226
1538092800,409230094.4,266526427.1,675756521.4
1538179200,370944326.1,192281322.7,563225648.9
1538265600,362668921,179042723.1,541711644
1538352000,357682103.7,128233846.3,485916016
1538438400,343828710.9,177883659.7,521712305.3
1538524800,288446891.8,177908958.9,466355850.8
1538611200,315306300.3,127101606,442407906.4
1538697600,327461608.1,100725569.9,428187111.7
1538784000,289611256.4,69880778.15,359492034.5
1538870400,305056634.6,111341993.1,416398627.7
1538956800,374881869.1,148094664.9,522976534
1539043200,356047674.2,98849814.26,454897488.4
1539129600,426471697.2,96650712.8,523122410
1539216000,556607266.1,281225654.4,837832920.5
1539302400,377576030.9,175980117.5,553556148.4
1539388800,350385329.3,117055932.7,467441262
1539475200,387515546.9,94371985.1,481887469.2
1539561600,579984841.2,474400726.5,1054385568
1539648000,405254796.2,171274305.9,576529102.1
1539734400,508899602.9,170297885,679197487.9
1539820800,430843286.4,123193799.7,554037086.2
1539907200,286093169,130357285.9,416450454.9
1539993600,308726472.1,122961452.4,431687924.5
1540080000,323863363.5,40618854.65,364482218.1
1540166400,505946082.6,102244167.7,608190250.3
1540252800,480126621.9,87102813.36,567229435.3
1540339200,428805141.2,75069646.16,503874787.4
1540425600,322969692.5,64046309.21,387016066.3
1540512000,269369488.9,59271505.46,328640994.4
1540598400,367967432,45612239.84,413579671.9
1540684800,440726436.8,35564092.94,476290529.7
1540771200,411279826.2,78113042.68,489392868.9
1540857600,325536322.1,53702702.68,379239024.8
1540944000,374419934.6,71596396.5,446016331
1541030400,279974751.5,55544621.96,335519373.5
1541116800,342985902.2,59513118.28,402499020.4
1541203200,251690821.5,46614406.18,298305291.5
1541289600,447666144.7,64601043.88,512267188.6
1541376000,376510957.3,54554898.33,431065855.7
1541462400,527647876.2,72727858.9,600375670.3
1541548800,451354400.8,86226970.98,537581306.5
1541635200,446559186.4,79186495.15,525745681.5
1541721600,348740903.4,71085185.97,419826089.4
1541808000,257196246.7,47373499.09,304569745.8
1541894400,265920950.4,49590598.08,315511548.4
1541980800,356486632.3,60937732.2,417424364.5
1542067200,374991382.6,70992174.65,445983557.3
1542153600,484454157.6,222647087.2,707101244.7
1542240000,438296996.9,236877949.4,675174946.3
1542326400,262379337,204824555.8,467203892.8
1542412800,218606010.9,142071901.4,360677912.4
1542499200,251746761.6,128391796.9,380138558.5
1542585600,450209434,304516713.6,754726147.6
1542672000,561693036.8,446416207.6,1008109244
1542758400,296418863.8,259010206.5,555429070.2
1542844800,171048160,136610439.3,307658599.3
1542931200,214421441.4,195487995.9,409909437.3
1543017600,215806958.3,202772589.5,418579547.7
1543104000,343429378.7,356535962.7,699965301.3
1543190400,352332120.8,320787865.9,673119986.7
1543276800,294912444.7,238168989.2,533081472.1
1543363200,432894305.1,350409876.1,783304181.2
1543449600,357300626.9,291218214.2,648518841.1
1543536000,281479515.6,247035047,528514562.6
1543622400,182953261.9,174355436.7,357308698.6
1543708800,155636419.9,151737130.5,307373509
1543795200,184198242.3,168698239.3,352896481.6
1543881600,222349212.4,173018469.2,395367681.6
1543968000,203020349.7,150713430.5,353733780.2
1544054400,248830560,204113470.1,452944030.1
1544140800,315886184.7,285709095.3,601595280
1544227200,188772953.1,173508976.8,362281929.9
1544313600,147203325.5,148830702.4,296034027.9
1544400000,122952601.3,130300865.5,253253466.8
1544486400,118001279.8,115391983.2,233393263
1544572800,127525678,109698000.5,237223678.5
1544659200,147168153.3,128038639.4,275206825.7
1544745600,167980718.4,140500136.6,308480855
1544832000,141985868.3,99720832.37,241706700.7
1544918400,145493097.8,82998685.64,228491783.5
1545004800,238855422.3,225297327,464152749.3
1545091200,323175983.8,229701398.9,552877419.9
1545177600,445026024.2,346921933.4,791947957.6
1545264000,527541430,409890047,937431477
1545350400,479146828.2,321782981,800929809.1
1545436800,322319140.8,177778265.8,500097447
1545523200,323647382,164543869.9,488191251.9
1545609600,475067668.3,265293686.2,740361354.5
1545696000,300188608.2,241090472.1,541279080.4
1545782400,243578047.8,169951040.3,413529088.1
1545868800,211012609.5,166469713.4,377482322.9
1545955200,255761439,181825285.2,437586684.7
1546041600,212184838.8,143963441.5,356148242.4
1546128000,177741515.7,129988981.5,307730497.2
1546214400,164659941.9,114761645.3,279421587.1
1546300800,142728174.8,99826520.32,242554656.4
1546387200,198909484.6,144394104,343303588.6
1546473600,181682516.9,118899768.8,300582285.8
1546560000,205605816.9,125807541.6,331413358.5
1546646400,220294324.4,124381281.4,344675605.7
1546732800,266695425.1,151510085.8,418205510.9
1546819200,212197458.7,136966260.7,349163759.9
1546905600,261282936.1,161535163.6,422818059.3
1546992000,269105102.4,133412558.9,402517661.3
1547078400,423858107.2,217907294.4,641765364.9
1547164800,237989192,156382551.5,394371743.6
1547251200,194423171.6,92592873.02,287016081.3
1547337600,207741147.8,99740872.4,307482055.7
1547424000,300860352.2,140681900.2,441542252.4
1547510400,331781557.6,133550100,465331657.6
1547596800,267097871.4,120043488.9,387141323.8
1547683200,286937679.1,120776052,407713731.1
1547769600,259185233.7,95376917.47,354562114.7
1547856000,247598163.1,85450527.93,333048691
1547942400,238345377.9,103129409.9,341474823.5
1548028800,187369457.1,80511362.55,267880855.3
1548115200,238499497.2,111799289.1,350298786.2
1548201600,267525827.1,98220623.13,365746450.2
1548288000,235117760.7,84590481.61,319708242.3
1548374400,197976205.7,71266261.78,269242467.5
1548460800,208940178,73219453.15,282159595.2
1548547200,277811069.4,85562989.52,363374058.9
1548633600,315488876.3,157353873.6,472842749.9
1548720000,205093906.2,106844240.3,311938180.6
1548806400,206613956.4,89279964.06,295893885.7
1548892800,207375194.3,106673659,314048853.3
1548979200,168839584,93472421.76,262312005.7
1549065600,143045690.7,66341524.96,209387250.8
1549152000,154978663,72233007.52,227211670.5
1549238400,238668236.1,81171334.93,319839605.4
1549324800,314694957.9,89838572.65,404533530.5
1549411200,250920224,118433215.9,369353439.9
1549497600,193171013.5,63490767.38,256661780.9
1549584000,317408891.5,178340781.2,495749672.7
1549670400,218943783.3,97445547.31,316389330.6
1549756800,264091172.8,88473430.74,352564566.7
1549843200,241014295.1,92957733.38,333972028.5
1549929600,281006413.7,112614567.4,393621017.3
1550016000,211594651.2,98200532.76,309795220
1550102400,178924930.4,83978775.43,262903705.8
1550188800,200431288.8,79710902.98,280142191.8
1550275200,197398031.8,74688916.21,272086948
1550361600,282121765.4,99541694.58,381663460
1550448000,398204198.4,261436440.6,659640639
1550534400,385946296.3,201611165.6,587557461.9
1550620800,285883857.7,151998311.9,437882169.7
1550707200,244735501,130715239.9,375450740.8
1550793600,216036830.6,105040388,321077218.6
1550880000,283592583.5,149934213.2,433526796.7
1550966400,419556706,249830373.9,669387079.9
1551052800,394104746.6,160677213.5,554781960.1
1551139200,417034171.8,115184332.4,532218504.3
1551225600,345769636.2,127222310.1,472991946.2
1551312000,328697298.2,132135858.4,460833118.4
1551398400,310947552.6,92647063.83,403594616.4
1551484800,267430655.8,76994417.35,344425073.1
1551571200,233675465.2,66366293.65,300041758.9
1551657600,337228273.1,136642384,473870657.1
1551744000,392974310.2,131087451.8,524061762.1
1551830400,317466804,100477301.4,417944066.6
1551916800,375364716.8,108530713.8,483895430.6
1552003200,544842489.5,139828690.9,684671141.7
1552089600,577433561.2,128029945.5,705463506.6
1552176000,484654709.6,94262124.7,578916834.3
1552262400,614336995.3,150628637.7,764965633
1552348800,572646994.7,107745625.3,680392619.9
1552435200,517710577,97530005.93,615240621.7
1552521600,482884244.7,110616731.6,593500976.3
1552608000,370877794.3,90668462.31,461546256.6
1552694400,337284799.8,125051909.4,462336709.2
1552780800,267269418.4,79137211.6,346406630
1552867200,317439703.4,96303084.77,413742788.2
1552953600,301138871,85375953.03,386514824.1
1553040000,344316372.3,100951655.8,445268028.1
1553126400,417407393.8,152635922,570043275.7
1553212800,328636799.2,84289337.04,412926136.3
1553299200,321835224.2,74843061.89,396678286.1
1553385600,389343686,72408221.66,461751867.7
1553472000,501393640,135165779.8,636559419.8
1553558400,704299561.2,119505915.7,823805476.9
1553644800,742726819.9,136713178.7,879439998.6
1553731200,534025443.1,86423785.12,620449187.8
1553817600,523330817.5,131049908.6,654380726.1
1553904000,388824362.9,85823147,474647509.9
1553990400,406763753.7,59412618.9,466176372.6
1554076800,446061036,114139671.6,560200707.7
1554163200,900659984.6,530990132.2,1431650117
1554249600,1064121994,547765896,1611887890
1554336000,628124630.3,304786382.8,932911062.2
1554422400,510496627.3,215140551,725637178.3
1554508800,452680162.2,218695567.3,671375780.1
1554595200,442217290.5,197566270.7,639783561.1
1554681600,565066496.1,273701064.8,838767560.9
1554768000,461573556.6,190663638,652237246.6
1554854400,425555812.2,228517691.1,654073450.1
1554940800,465139281.4,281005676.8,746144958.2
1555027200,339737199.3,171995359.8,511732559.1
1555113600,257670193.7,92332053.54,350002196.4
1555200000,265636126.7,97694944.06,363331070.7
1555286400,389015718.6,151076643.3,540092361.8
1555372800,302084945.9,132704902.1,434789848
1555459200,309180784,131539773.3,440720557.2
1555545600,349009982,128615880.8,477625862.7
1555632000,426356041.4,138232079.2,564588120.6
1555718400,330959344.6,107447159.6,438406504.2
1555804800,367052048.2,138815720.4,505867768.6
1555891200,359209011.1,168119819.6,527328830.7
1555977600,413968183.5,236078768.4,650046952
1556064000,434606588.9,266291777.4,700898366.3
1556150400,336623895.2,282738785.2,619362680.4
1556236800,312419011.2,311946006.5,624365017.7
1556323200,191177551.8,98761501.42,289939053.2
1556409600,210987789.8,89601966.11,300589755.9
1556496000,249533219.2,128645502.3,378178721.6
1556582400,278346339,146545415.1,424891754.1
1556668800,232802204.3,117061401.7,349863606
1556755200,236599278.9,146904648.6,383503872.6
1556841600,315922698.5,318839662.2,634762418.2
1556928000,301213572.6,277342187.2,578555818.1
1557014400,208313992.2,162545906.5,370859898.7
1557100800,311138842.7,177314317.3,488453160
1557187200,310546862.3,275867520.9,586414383.3
1557273600,222886869,156426861,379313730
1557360000,254891949.4,197611902,452503851.4
1557446400,324019348.6,262285057.8,586304406.4
1557532800,611428772,568585813.3,1180014585
1557619200,436355372.3,627516058.9,1063871431
1557705600,578607637.4,695415295,1274022932
1557792000,719292129.8,661904301.7,1381196432
1557878400,691346798.2,335494801.4,1026841600
1557964800,1078668581,594921845.5,1673590426
1558051200,846325040.6,727873271.9,1574198313
1558137600,489421132.6,289841388.1,779262520.7
1558224000,701752764.4,598855283,1300608129
1558310400,924196170.8,577348325.4,1501544496
1558396800,1313728928,439649047,1753377975
1558483200,955600581.2,409257544.6,1364858126
1558569600,947499156.7,418943079.7,1366442315
1558656000,805972509.1,395332900.1,1201305409
1558742400,586926048.3,242062981,828989029.3
1558828800,788306937,460746863.8,1249053801
1558915200,813639222.4,489136829.8,1302776052
1559001600,784552028.7,292987537.9,1077539567
1559088000,729869869,325331526.9,1055201396
1559174400,1069434017,627634053.5,1697068070
1559260800,700846431.8,421311605,1122158037
1559347200,717460093.6,286936757.7,1004396851
1559433600,589049513.2,257936899.3,846986412.5
1559520000,668379911.3,402504183.5,1070884095
1559606400,714856295,613083829.4,1327940124
1559692800,766022569.9,400611614.3,1166634184
1559779200,662051480.1,301649064.6,963700544.7
1559865600,545327857.6,297158698.8,842486636.5
1559952000,469635346.8,192276269,661911615.9
1560038400,463801034.7,257012963,720813997.7
1560124800,637275668.9,316932970.9,954208639.8
1560211200,550633771.4,255732365.4,806366136.8
1560297600,654237893.7,366616227.9,1020854122
1560384000,751690863.2,268521171.6,1020211952
1560470400,917867261.3,372271628.8,1290138803
1560556800,629905738.4,295897219.2,925802957.7
1560643200,608805464.4,595569794,1204375258
1560729600,674404327.4,466617327.5,1141021655
1560816000,631117997.5,480729693.3,1111847691
1560902400,582468963.7,300255445.1,882724316
1560988800,636770515.3,344578216.2,981348636.2
1561075200,649491246,541425163,1190916409
1561161600,968427321,1139189516,2107616837
1561248000,646712819.2,623386119.2,1270098938
1561334400,507987030.8,487243481.4,995230512.2
1561420800,861685893.8,731249072.8,1592934967
1561507200,1463917990,1488503584,2952421574
1561593600,1063799137,1708117711,2771916960
1561680000,788175238.2,1182755701,1970930939
1561766400,1051395478,845497859.7,1896893337
1561852800,768523345.7,906892284.6,1675415523
1561939200,775927667.3,956794545.4,1732722213
1562025600,852307844.1,1195588973,2047896817
1562112000,717645480.3,1174915718,1892561318
1562198400,694456665.1,741840636.8,1436297302
1562284800,519080377.8,700865749.2,1219946127
1562371200,429187107.2,577851410.9,1007038518
1562457600,379573772.1,459008376.7,838582148.8
1562544000,534276390.4,653467618.9,1187744009
1562630400,558203151.1,991892016.6,1550095168
1562716800,648669152.6,1314416818,1963085971
1562803200,510818125.9,998285191.5,1509103431
1562889600,574671953.8,673948945.9,1248620900
1562976000,455923044.6,625292562.6,1081215607
1563062400,452929676.9,748183769.7,1201113447
1563148800,495298310.6,898092078.6,1393390389
1563235200,458170291.4,931611267.3,1389781559
1563321600,500290506.2,843956968.4,1344247475
1563408000,572366102.5,868436914.9,1440803124
1563494400,361923931.3,608618868.2,970542799.5
1563580800,350119596.4,520619821.3,870739525.3
1563667200,243452512.5,422592561.5,666045179.8
1563753600,303564366.4,438028671.6,741593141.2
1563840000,344888746.3,473397800.4,818286546.6
1563926400,324544593.7,430976195.2,755520691.2
1564012800,264001508,383228578.8,647229988
1564099200,226232657.5,221627399,447860056.5
1564185600,264465222,361880551.5,626345773.5
1564272000,210733327.7,298779145,509512472.7
1564358400,197660292.9,298282971,495943263.9
1564444800,200142204.7,335008293.8,535150594.5
1564531200,245761014,410672226.7,656433240.6
1564617600,237909088.2,438783995.2,676693083.4
1564704000,270447110.7,463865288.7,734312504.7
1564790400,216953007.6,390030551.2,606983667
1564876800,196154146.6,450215016.9,646369273.3
1564963200,363863350.1,781271902.2,1145135370
1565049600,380849568,885019425.6,1265869108
1565136000,375063666.8,845516603.5,1220580270
1565222400,335013205.2,623423983,958437188.2
1565308800,262857116.3,467241528.4,730098763.3
1565395200,253517153.1,487542247.5,741059513.5
1565481600,274606850.2,315077874.7,589684724.9
1565568000,224507912.5,210615613.9,435123526.4
1565654400,265244184,367415869.7,632660053.7
1565740800,371545692.7,566239096.3,937784789
1565827200,256164102.5,420755030.5,676919236.2
1565913600,259216611.7,547346489.9,806563101.7
1566000000,213676430.4,302214597.2,515891027.6
1566086400,231078240.9,256733396,487811637
1566172800,261677478.1,420799587.4,682477065.6
1566259200,212978854.1,361826018.2,574804764.5
1566345600,289011459.2,502078959.5,791090520
1566432000,268352127.3,354293342.2,622645469.5
1566518400,250865949.9,295559120.5,546425070.4
1566604800,312201232.6,291153032.4,603354265
1566691200,262960669.1,272712773.1,535673543.6
1566777600,293954030.1,433605126.7,727559156.8
1566864000,227333838.4,296315791.7,523649630.1
1566950400,264123982.7,423732307.1,687856289.8
1567036800,198200759.7,344517806.9,542718471.7
1567123200,164398424,261595402.6,425993826.5
1567209600,146000710.7,169004901.3,315005612
1567296000,124571010.9,191049975.6,315620986.5
1567382400,193707658.1,476493841.9,670201500
1567468800,192470499,512742888.3,705213387.2
1567555200,188071588.3,466970332.1,655041920.4
1567641600,195776443.5,351585892.9,547362336.4
1567728000,211738539.4,605414514.2,817153053.6
1567814400,190683923.7,292910447.4,483594371.1
1567900800,168108281.5,247425246.4,415533527.9
1567987200,212276413.9,418504594.8,630781008.7
1568073600,184899091.7,300065150.1,484964241.8
1568160000,180316705.8,333485312.8,513802018.6
1568246400,185162639,366536019.6,551698658.5
1568332800,144682450.9,317332018.4,462014469.3
1568419200,146827224.5,243042736.5,389869857.3
1568505600,126209191.8,186066063,312275358
1568592000,162726929.8,299221967.7,461948897.5
1568678400,299923566.6,239536517.7,539460084.4
1568764800,438690914.7,253355480.8,692046395.5
1568851200,385620873.2,473452226.6,859073202.6
1568937600,248090985.7,255775882.5,503866868.2
1569024000,186992961.4,204253181.7,391246143.1
1569110400,218186782,221606280.7,439793062.6
1569196800,222873715.9,309551486.4,532425202.2
1569283200,399017601.3,465909789.9,864927391.2
1569369600,274971426.9,540574572.8,815545999.7
1569456000,241847646.3,549409803.4,791257449.6
1569542400,193691519.1,358734867.6,552426468.8
1569628800,157060613.1,287901845.1,444962458.2
1569715200,139777166.1,253661460.1,393438626.1
1569801600,220416335.7,463324799.5,683741052.1
1569888000,181879297.1,365102347.4,546981644.5
1569974400,165077058.4,222800226.6,387877285
1570060800,162045567.4,257476781.3,419522431.1
1570147200,179404438.8,216742800.7,396147239.5
1570233600,144869303.3,181520833,326390136.2
1570320000,154457207.1,274126727.3,428583934.4
1570406400,231882405.9,425128738.6,657011144.5
1570492800,245868410.5,286786063.9,532654474.5
1570579200,383620575,465834602.1,849455177
1570665600,271055439.9,344801201.6,615856641.5
1570752000,258514064.5,404644080.5,663158062.3
1570838400,192578250.3,174546317.6,367124484.7
1570924800,177261010.8,225691559.3,402952487.1
1571011200,256960477.5,246079409.8,503039887.3
1571097600,266584915.9,267196128.8,533781044.7
1571184000,224497329.5,282556215.4,507053625.1
1571270400,195960455.1,240678039,436638494.1
1571356800,182484581.6,248910936.7,431395518.3
1571443200,146534428.5,207063051.2,353597479.7
1571529600,187191709.5,276473386.5,463665095.9
1571616000,212889581.2,250513499.2,463403080.4
1571702400,189286312.1,281580140.1,470866452.2
1571788800,238318114.8,472259726.3,710577766.3
1571875200,183571664.3,249851099,433422763.3
1571961600,337099591.2,634293653,971393157.6
1572048000,407557337.3,972678533.5,1380235871
1572134400,377663100.5,877105806.2,1254769002
1572220800,375406549.9,720615368.9,1096021827
1572307200,333748453.1,587311559.2,921060012.3
1572393600,265045358.3,499319784.3,764365142.6
1572480000,218659416.4,485220263.1,703879679.6
1572566400,193752379.1,401728283.7,595480662.8
1572652800,162266361.1,265474684.8,427741139.1
1572739200,170807363.4,252515623.3,423323078.9
1572825600,257951495.7,425125228.7,683076724.5
1572912000,283958467.6,417904059.5,701862527.1
1572998400,239164952.1,319531284,558696236
1573084800,188890411.1,204457322.1,393347733.2
1573171200,219957339.6,527061087.5,747018427
1573257600,158829503.7,239720957.8,398550461.4
1573344000,202317762.4,291642546,493960308.4
1573430400,190704778.7,371978685.2,562683464
1573516800,227066106,337887930.4,564954036.4
1573603200,195720410.4,216437768.3,412158178.7
1573689600,219579857.5,271262875.4,490842819.3
1573776000,251026537.5,369972853.7,620999391.2
1573862400,147711577.2,160839719.8,308551382
1573948800,152026700,211301223.4,363327923.4
1574035200,207120874.3,334255171.9,541375964.3
1574121600,206479377.4,337226433.8,543705892.5
1574208000,172521154.2,250187097,422708251.2
1574294400,199010777.8,428076023.6,627086725.1
1574380800,310244023.8,866317151.9,1176561176
1574467200,179499095.3,344605353.9,524104522.6
1574553600,165783276.2,436380144.2,602163489.7
1574640000,353093974.6,813410802.4,1166504777
1574726400,262970094,456091557.5,719061651.5
1574812800,295166112.7,666558536.9,961724649.7
1574899200,207538377.3,411621801.7,619160179
1574985600,189065686.9,453754400.9,642820087.8
1575072000,153456608.3,344344110.1,497800718.4
1575158400,173233089.1,429821362.7,603054526.1
1575244800,186294349.6,328013032.9,514307309.3
1575331200,198298817,238146818.8,436445562.6
1575417600,228838149.4,573091813.1,801929962.6
1575504000,212849108,422975198.4,635824380.4
1575590400,204609929.2,353942073.1,558552002.3
1575676800,184295478.7,233031900.9,417327454.7
1575763200,206384811.3,216739458.3,423124269.6
1575849600,205864330.5,330328777.1,536193107.6
1575936000,424105209.8,346414346.9,770519556.8
1576022400,171964392.5,212056172.4,384020564.9
1576108800,167975735.5,294014304.3,461990039.9
1576195200,160096599.2,194323336.7,354419936
1576281600,155824792.4,202170742.3,357995463.9
1576368000,151601374.5,181881294.3,333482668.8
1576454400,211743547.7,289980237.8,501723785.6
1576540800,229332241.5,346334177.9,575666419.4
1576627200,232112309.3,670570022,902682331.3
1576713600,173662384.6,385480045.4,559142430
1576800000,169153859.2,229309968.3,398463827.6
1576886400,140681008.1,137704458.4,278385466.5
1576972800,190960965.8,283009748.5,473970714.3
1577059200,155902794.7,477620541.1,633523335.8
1577145600,123281393.5,309270837.5,432552231
1577232000,100045348.6,194185763.4,294231112
1577318400,120044343.6,251077839.1,371122182.7
1577404800,125240611.6,238345727.4,363586339
1577491200,115533294.9,190944165.1,306477533.2
1577577600,130817803.6,223139168.4,353956972
1577664000,117396441,209790946.8,327187460.2
1577750400,119144003.3,181550225.1,300694228.4
1577836800,115213324.2,118932392.5,234145716.7
1577923200,129279096.2,212305532.9,341584629.1
1578009600,164301606.6,477846838.1,642148371.3
1578096000,143933080.3,214613639.8,358546720.1
1578182400,139754821.3,270791549.1,410546296.8
1578268800,221941983,406967096.5,628909157.1
1578355200,244003332.4,703687101.3,947690433.6
1578441600,228733188.2,853764753.4,1082497942
1578528000,149267607.8,477939645.9,627207331.9
1578614400,212222070.9,651164044.3,863386115.2
1578700800,200992297.2,416966886.5,617959264
1578787200,161396089.6,301290159.9,462686249.5
1578873600,143707177.9,246993669.5,390700847.4
1578960000,455916975.4,1004424552,1460341527
1579046400,567885091.2,707237805.1,1275122896
1579132800,344423205.1,437456774.2,781879979.3
1579219200,465281530.4,597138668.2,1062420199
1579305600,362709618.2,325381071.4,688090689.5
1579392000,281303041.3,575796685.3,857099726.6
1579478400,196755383.9,324739251.1,521494634.9
1579564800,192370332.7,307043871.3,499414204
1579651200,163279390.9,244786997.4,408066388.3
1579737600,186435699.7,386376620.6,572812320.3
1579824000,175630604.7,336132572.4,511763177.1
1579910400,118831226.7,211573733.2,330404876.4
1579996800,150442289.7,258725310.2,409167599.9
1580083200,217175071.1,457340286.8,674515357.9
1580169600,280090616.5,665476017.5,945566728
1580256000,279402398.1,479681156.7,759083554.8
1580342400,304570251.4,555824554.1,860394805.5
1580428800,268545484.3,410674995.2,679220479.4
1580515200,224450142.9,261709975.5,486160118.4
1580601600,305922016.3,405615166.6,711537182.9
1580688000,307186650.3,450737030.6,757923680.9
1580774400,438943080,469546125,908489205
1580860800,468234550.2,607622054.2,1075856604
1580947200,537649513,613111813.4,1150761229
1581033600,511874277.9,417822796.6,929697074.6
1581120000,467758432.8,411458572.6,879216906.4
1581206400,448597631.8,422540691.4,871138221.7
1581292800,515335221.7,566329923.7,1081665047
1581379200,570716691.7,616188906.2,1186905598
1581465600,907934828.7,610830857.4,1518765686
1581552000,832387151.8,759242859.8,1591630012
1581638400,635641438.3,477114723.2,1112756161
1581724800,794334954.9,492182491.7,1286517447
1581811200,767563311,565471887.8,1333035199
1581897600,626376875.9,638182174.4,1264559050
1581984000,505600710.8,679058145.2,1184658856
1582070400,170706527.2,190557630.7,361264157.9
1582156800,285118175,359502586.2,644620761.2
1582243200,363684587.7,392380652.4,756065337.2
1582329600,255383992.5,231852169.7,487236162.2
1582416000,282761727,367586902.6,650348729.3
1582502400,332547109,510346731.9,842893840.9
1582588800,355124862.9,488817169.8,843942032.6
1582675200,491908477.9,770656536.3,1262565014
1582761600,406732812.3,609025509.6,1015758322
1582848000,299629245.6,585191399.1,884820644.7
1582934400,231268760.6,305628788.3,536897549
1583020800,268000920.1,360294640.5,628295560.6
1583107200,290357606.4,507911581.4,798269187.8
1583193600,278273611.8,465981532.7,744255144.5
1583280000,381568007.2,341299340.1,722867347.3
1583366400,412755573.7,580094619.3,992850193
1583452800,374035212.4,443173072.7,817208285.1
1583539200,448452329.7,435721701.8,884174031.5
1583625600,454442113,692038064.3,1146480177
1583712000,477117466.4,1049073194,1526190660
1583798400,333814566.6,764527479.6,1098342046
1583884800,359802608.4,693299401,1053102009
1583971200,559567964.1,513293295.7,1072861260
1584057600,763491262.3,187704207.7,951195470
1584144000,253662927.7,334050213,587713140.7
1584230400,224255732,828729119,1052984851
1584316800,292329397.1,1292898042,1585227388
1584403200,200151574.7,903035246.9,1103186768
1584489600,192547253.6,836923166.6,1029470420
1584576000,405148357.4,1354851278,1759999635
1584662400,364997819.4,1501600865,1866598622
1584748800,201259101.1,899936824.2,1101195863
1584835200,162787980.9,787009480.6,949797461.5
1584921600,181321408,1188049057,1369370465
1585008000,178312486.1,1113996998,1292309484
1585094400,166614535.7,963003144,1129617747
1585180800,199540705.6,613097172.8,812637878.4
1585267200,196251696.3,584420465.6,780672161.8
1585353600,170883803,637004681.6,807888484.6
1585440000,115079890.2,416579815.7,531659705.9
1585526400,169643532.2,832453351.9,1002096884
1585612800,145489499.1,508460271.4,653949770.6
1585699200,185507396.2,712210706.9,897718103.1
1585785600,226554320.7,1123481120,1350035441
1585872000,185315989.2,785226411.4,970542400.6
1585958400,165187272.7,556630774.4,721818047.1
1586044800,126803511.6,384879974.7,511683486.3
1586131200,273224890.7,965251240.1,1238476204
1586217600,289699068.7,822882210.9,1112581280
1586304000,224393882,616327209.6,840721165.3
1586390400,217848526.2,493099398.1,710947924.3
1586476800,321840774.1,796519652.6,1118360358
1586563200,192631363.7,350120194.7,542751627.3
1586649600,191176733.4,562013189.7,753189923.2
1586736000,204392836.5,731707676.5,936100513
1586822400,180071543.4,523513001,703584544.4
1586908800,161339071,463868250.9,625207321.8
1586995200,246326353.2,997742713.4,1244069067
1587081600,163861661.5,429155948.4,593017539.4
1587168000,194009862.9,400994837.4,595004700.3
1587254400,177457067,365937928.7,543395067
1587340800,215873686.7,690481756.3,906355511.4
1587427200,149704085.8,473887242,623591327.8
1587513600,160681441.5,492596525.7,653277967.2
1587600000,277311499.7,864972276.8,1142283776
1587686400,230361984.5,516422086.2,746784070.6
1587772800,202063953,367318030.1,569381983
1587859200,224361427.2,434820377.4,659181727.6
1587945600,266600346,567176616.7,833776962.7
1588032000,225103214.2,409033585.1,634136799.3
1588118400,434433139.1,1799930337,2234363476
1588204800,365625496.3,1973528539,2339154121
1588291200,262953354.7,916630497.6,1179583852
1588377600,211301898,593713161,805015059
1588464000,200975422,905033210.6,1106008633
1588550400,246697420.9,839643924.3,1086341345
1588636800,193498873.9,774140784.4,967639658.4
1588723200,233764398.6,1085411993,1319176392
1588809600,357081700.4,1623194438,1980276138
1588896000,337966833.6,1100380008,1438346842
1588982400,301700548.8,876000436.6,1177700985
1589068800,369740166.3,1675763700,2045503779
1589155200,257510696.4,1627140853,1884651549
1589241600,256649409.3,844945106.4,1101594516
1589328000,246629003,950379625.4,1197008628
1589414400,283771782.4,1412103472,1695875254
1589500800,253468764.5,1211424889,1464893654
1589587200,203624633.2,632701113.6,836325746.8
1589673600,191302050.9,743790427.4,935092478.3
1589760000,239858193.5,904617383.3,1144475577
1589846400,228665183.7,902242130.2,1130907216
1589932800,261057510.5,828878561.7,1089936072
1590019200,353549070.7,1148397013,1501946083
1590105600,359299688.8,616049686.8,975349375.6
1590192000,259187064.8,445904827.8,705091892.6
1590278400,422766903.6,684385248.6,1107152152
1590364800,493525200.7,637992037.4,1131517149
1590451200,445019154.4,585434436.4,1030453591
1590537600,453930437.6,708446925,1162377363
1590624000,368395795,801988701.4,1170384496
1590710400,312708231.9,602981438.6,915689670.5
1590796800,321375341.9,56789592.96,378164934.9
1590883200,455479766.4,133224504.2,588704270.5
1590969600,462722295.9,623323908.7,1086046205
1591056000,425205437.7,197198862.7,622404300.4
1591142400,331365682.6,74857158.44,406222841.1
1591228800,346141160,103111537.5,449252697.5
1591315200,245600809.6,411690730.6,657291636.4
1591401600,221482236.9,365398687.6,586880924.4
1591488000,284974738.3,645568885.2,930543623.5
1591574400,250731438.4,451606055.7,702337592
1591660800,278574363.3,516954844.2,795529207.5
1591747200,430031917.1,529538288,959570304
1591833600,470225526.7,1016136735,1486362354
1591920000,344603971.4,529954101.7,874558073.1
1592006400,327521027.7,302654145.5,630175173.2
1592092800,269268844.7,315519101.6,584788039.6
1592179200,372778581.6,913252832.9,1286031320
1592265600,269196247.7,561152924.9,830349172.6
1592352000,300117479.4,517126948,817244427.4
1592438400,349952273.2,400256209.9,750208576.9
1592524800,282403930.9,495729495.6,778133426.5
1592611200,249289153.1,328403705.5,577692858.5
1592697600,223110331.9,269479502.3,492589834.1
1592784000,380179472.7,632717146.5,1012896619
1592870400,359433150,452187052.5,811620202.5
1592956800,355583569.3,665005388.4,1020589051
1593043200,277278598.4,584165739.1,861444429.9
1593129600,283321563.1,532261533.6,815583096.7
1593216000,304913216.1,475289574.2,780202790.2
1593302400,228561168.8,315570510.2,544131770.2
1593388800,262920254.7,443241308.5,706161563.2
1593475200,203601208.9,336039092.5,539640392.8
1593561600,257126808.5,407977556.6,665104365.1
1593648000,321224437.2,483338240.7,804562677.9
1593734400,340280563.4,301340299.1,641620862.5
1593820800,309204288.6,272303352.5,581507641.1
1593907200,371195141.8,345752307.1,716947358.1
1593993600,454337106.8,574300698.3,1028637805
1594080000,429792095.1,369650527.1,799442622.3
1594166400,854176900.4,613328255.4,1467505156
1594252800,602996609.5,509021243.7,1112017853
1594339200,564794471.2,419337601.4,984132165.4
1594425600,452551015.2,238108917.8,690659933
1594512000,453553758,328133144.6,781686809.6
1594598400,808186044.5,458490060.4,1266676105
1594684800,555054584.5,492396359.1,1047450944
1594771200,554297293.7,415183650.1,969480943.8
1594857600,615077283,462175231,1077252514
1594944000,442758999.4,306629855.6,749388855
1595030400,431659628.2,241534243.7,673193871.8
1595116800,459789081,278565079.4,738354160.4
1595203200,733620710.5,378369209.1,1111989828
1595289600,701179080.2,642709277,1343888263
1595376000,628840208.3,539142752.3,1167982961
1595462400,671118389.2,587030685.5,1258149075
1595548800,512101382.5,503149283.4,1015250666
1595635200,624503084.6,474118648.7,1098621636
1595721600,770388857,794947311.8,1565336169
1595808000,1429112362,1993063492,3422175854
1595894400,870726466.4,1285318966,2156045323
1595980800,777958365.2,1000044708,1778003073
1596067200,691255093.1,806107100.8,1497362194
1596153600,676532425.5,955858608.3,1632391034
1596240000,911768688.1,1214666542,2126435230
1596326400,1122243382,1307475137,2429718518
1596412800,789643221.7,759506957.2,1549150179
1596499200,786130432.6,789831004.6,1575961437
1596585600,816849621.8,1035136782,1851986404
1596672000,764160360.8,882600760.7,1646761122
1596758400,721576584.4,906613999.1,1628190583
1596844800,770334276,578980634.8,1349314911
1596931200,925044864,572540908.9,1497585773
1597017600,1373276038,1157241559,2530517597
1597104000,1094840565,1212294400,2307134965
1597190400,1150108704,871586346.6,2021695051
1597276800,1713276710,967748358.6,2681024951
1597363200,1288633141,824609904.5,2113242927
1597449600,1136515006,797833718.5,1934348724
1597536000,1011997380,585914101.5,1597911362
1597622400,1419707031,1212477863,2632184772
1597708800,1258030193,1061363567,2319393759
1597795200,1048669018,1030572866,2079241883
1597881600,1006822730,636001092.3,1642823704
1597968000,1658924108,876452201.4,2535376425
1598054400,964853724.1,604490410.7,1569344135
1598140800,738026385.3,512535334.3,1250561720
1598227200,791940024.7,634859119.9,1426799027
1598313600,870405574.5,933513281.2,1803918856
1598400000,812651958.2,721742339.6,1534394298
1598486400,872196652.9,855197856.7,1727394510
1598572800,741755183.7,632237477.6,1373992546
1598659200,762746329.7,454300618,1217047062
1598745600,1077937146,577762271.2,1655699300
1598832000,1047531403,744734360.7,1792265764
1598918400,1609968855,1089595444,2699564300
1599004800,1397831845,1197407182,2595239028
1599091200,1387086918,1478733180,2865820098
1599177600,1203926442,1173934925,2377861367
1599264000,1196147586,1107115214,2303262800
1599350400,1004678809,692284709.1,1696963518
1599436800,761560220.6,793662092.3,1555222209
1599523200,636783335.5,910206513.9,1546989849
1599609600,590125473.7,597239843.5,1187365317
1599696000,781119841.7,718548031.1,1499667769
1599782400,637608775.9,545853971.7,1183462748
1599868800,684645842.7,428552198.2,1113198145
1599955200,775302684.6,529290639.5,1304593324
1600041600,718375723.7,856970149.8,1575345873
1600128000,728782890.8,789637245.4,1518420136
1600214400,670565535.2,832478163.6,1503043699
1600300800,742712245.5,712677796.3,1455390042
1600387200,990476035,606470343,1596946378
1600473600,647543399.7,485439396.6,1132982907
1600560000,545537014.7,497441992.9,1042979008
1600646400,754403041.8,862646057.9,1617049100
1600732800,562577653.1,552258674.3,1114836327
1600819200,559901792.1,641945750.1,1201847542
1600905600,552638443.4,746380567.6,1299019011
1600992000,544761146.3,621480442.4,1166241482
1601078400,420967732.9,356315572.9,777283305.8
1601164800,448360906.8,381802256.5,830163163.2
1601251200,494455782.9,628007655.2,1122463438
1601337600,453940315.3,537053764.2,990994079.5
1601424000,398760928.2,514295829.7,913056757.9
1601510400,521611494.7,767272542.9,1288884038
1601596800,479324334.7,644674870.7,1123999205
1601683200,270558737.5,276248714,546807451.4
1601769600,296300018.4,294323552.6,590623571
1601856000,305498698.3,427762710.8,733261517.1
1601942400,446035875.2,616619117.9,1062654993
1602028800,370069602.6,412978005.1,783047607.8
1602115200,404175988.2,667605895.6,1071781884
1602201600,483896050.6,625499636.7,1109395798
1602288000,394370771.5,585923567.8,980294452.3
1602374400,327178892.2,397276263.7,724455269.6
1602460800,451450874.5,734211113.9,1185661988
1602547200,346468805,588259519.7,934728324.7
1602633600,345446249.4,560069873.6,905516123
1602720000,376902906.7,667545966.2,1044448873
1602806400,409153985.5,660853728.1,1070007600
1602892800,246074382.8,299494494.1,545568876.9
1602979200,233761931.9,310851965.8,544613782.5
1603065600,311884043.7,669371614.1,981255657.8
1603152000,424585849.5,884395074.8,1308980924
1603238400,512829352,1742371287,2255200639
1603324800,444035713.3,1101431087,1545466800
1603411200,328436178.9,784131842.4,1112568151
1603497600,278756866.3,549490123.2,828246989.5
1603584000,266552551.5,592390965.3,858943516.8
1603670400,405113644.5,932356668.7,1337470313
1603756800,410120350.7,1295096543,1705217030
1603843200,392036291.2,1471898277,1863934568
1603929600,362707342.5,1195831045,1558538522
1604016000,376750714.6,1142632972,1519383687
1604102400,261987203.4,1086594911,1348582252
1604188800,225249218.2,585189344.3,810438562.6
1604275200,302042467.4,1042151534,1344194001
1604361600,365003934,1229076053,1594080128
1604448000,367227731.2,1586699416,1953927289
1604534400,562379144,2623917620,3186296764
1604620800,691886770.6,2280388694,2972275621
1604707200,786952053.9,1794357322,2581309376
1604793600,420696183.2,1203238001,1623934184
1604880000,495463778.1,2014855790,2510319568
1604966400,619732105.1,1164140413,1783872518
1605052800,598298541.4,1489218098,2087516640
1605139200,532951864.2,2015265502,2548217366
1605225600,584460910.9,1482428754,2066889665
1605312000,389294079.9,1131515226,1520809466
1605398400,428096463.8,828122514.9,1256219138
1605484800,531652299.3,1611806946,2143459245
1605571200,748465776.7,2446459956,3194925733
1605657600,776659712.4,3203345645,3980005358
1605744000,636554256.7,1961051207,2597605464
1605830400,803274239.5,1988949461,2792223701
1605916800,1063693533,1711736840,2775430373
1606003200,1190850920,1848497314,3039348234
1606089600,1345687060,1852572535,3198259594
1606176000,2572540112,2661191019,5233731131
1606262400,1618363134,2122712455,3741075589
1606348800,1614249671,3860776070,5475025741
1606435200,695501269.5,1831941450,2527442719
1606521600,729824098.4,1397037348,2126861447
1606608000,560380316.6,1209585979,1769966296
1606694400,944287806.8,2764326929,3708614539
1606780800,970728054.7,2979111039,3949839282
1606867200,694880072.7,1816453901,2511334166
1606953600,691281963.8,1605263735,2296545699
1607040000,771854305,1641812223,2413666528
1607126400,528561544.8,1002780882,1531342426
1607212800,497693425.3,887030476.5,1384723902
1607299200,496218089.5,987191597.9,1483409687
1607385600,687829942.9,1440412457,2128242400
1607472000,741839496.7,1921159379,2662998876
1607558400,492343841.7,1252335206,1744679048
1607644800,530761240.7,1664021346,2194782586
1607731200,543379821,1135201818,1678581639
1607817600,459802635,1354116069,1813918512
1607904000,458006918.5,1159313430,1617320156
1607990400,543823117.2,1510266229,2054089346
1608076800,980855571.6,3058049923,4038905495
1608163200,1458679224,5317455607,6776134831
1608249600,900680233.3,2305371867,3206052100
1608336000,1271834921,2544842764,3816677685
1608422400,1171641078,2235051841,3406692919
1608508800,995216704.6,2496772047,3491988752
1608595200,1159913139,2609299152,3769212291
1608681600,1737216998,3333947269,5071164267
1608768000,1157683310,2034909804,3192593114
1608854400,1092310640,2431656112,3523966753
1608940800,1227185734,3150502422,4377688156
1609027200,1605472551,4747311463,6352784015
1609113600,1256760377,2679170915,3935931293
1609200000,1166805662,2464280663,3631086324
1609286400,996515896.2,3554369898,4550886083
1609372800,782360839,2936178906,3718539745
1609459200,977259254,2074946743,3052205997
1609545600,1359378764,5462833234,6822211997
1609632000,1988615569,5241215245,7229830483
1609718400,2392809567,5926367312,8319176879
1609804800,2034976104,5264351720,7299327824
1609891200,2673470977,6193439619,8866910597
1609977600,2765932202,6932601372,9698533179
1610064000,2138137128,7647968337,9786105466
1610150400,1884745912,4035799767,5920545679
1610236800,2273886363,5923833423,8197719786
1610323200,2427140085,12072446145,14499586231
1610409600,1407089759,6147582411,7554672170
1610496000,1430361404,6314023297,7744384701
1610582400,1560580489,5497985737,7058566226
1610668800,1960192030,5974174331,7934366361
1610755200,2042712578,4167400636,6210113574
1610841600,1859016887,3774255573,5633272818
1610928000,1650046306,3455263334,5105309640
1611014400,2221310819,3869386918,6090697737
1611100800,1854836696,4477317956,6332154652
1611187200,1744266921,5849736909,7594003522
1611273600,1696972015,6318595877,8015567893
1611360000,1370324689,2865658790,4235983479
1611446400,1600495051,2552175379,4152670753
1611532800,1969362742,3895871672,5865234092
1611619200,1559045197,3837901769,5396946966
1611705600,1537457734,4173751311,5711209045
1611792000,2367531356,4154396528,6521928218
1611878400,5309261471,10612932661,15922194132
1611964800,3260344585,3899581588,7159926173
1612051200,2872245469,2986788106,5859033906
1612137600,3745638193,3656988619,7402627147
1612224000,2860175235,3740720703,6600895938
1612310400,2797907212,4138286118,6936193329
1612396800,3408326896,4630052356,8038379252
1612483200,3533096373,3473401358,7006497731
1612569600,3803465416,5119348471,8922813886
1612656000,3584376857,4438165082,8022541939
1612742400,4990528612,8668697475,13659225623
1612828800,4786243572,7286457596,12072701169
1612915200,5646378336,5761207008,11407585343
1613001600,4694045721,5747638313,10441684514
1613088000,4619373449,5321569811,9940943260
1613174400,4433294680,3934282257,8367576937
1613260800,4440150924,4593515474,9033666398
1613347200,4578682118,5093502499,9672185096
1613433600,3398665803,5814674342,9213340144
1613520000,3909653053,5877028572,9786681625
1613606400,4274931880,4275720716,8550652596
1613692800,6776711848,5987191342,12763903190
1613779200,6631764290,6027702608,12659466898
1613865600,4572246580,4471368427,9043615007
1613952000,5714583983,10034271120,15748855102
1614038400,5352906460,11783655180,17136561151
1614124800,3898470304,6225435273,10123905577
1614211200,3009200879,5382667189,8391868067
1614297600,3184970584,6985079572,10170050156
1614384000,3371986251,4071813063,7443799776
1614470400,2899676854,5133006341,8032683195
1614556800,3021390945,5620292144,8641683089
1614643200,2845569386,4221150519,7066719904
1614729600,2795397202,5383559074,8178956277
1614816000,3112997900,5346666108,8459664008
1614902400,2714300565,5064957335,7779257900
1614988800,2145796939,2833194993,4978991932
1615075200,2449463353,3732319422,6181782775
1615161600,3175827536,4754861535,7930689071
1615248000,4146274244,5300492665,9446766908
1615334400,3960858733,6430234111,10391093403
1615420800,4696390221,6239589875,10935980096
1615507200,5188441281,5692977366,10881418647
1615593600,4917892146,6651861990,11569754136
1615680000,3715013196,4122939781,7837952977
1615766400,4393826274,7720555419,12114381693
1615852800,4462030477,6099142532,10561172440
1615939200,4191496703,5728403058,9919899761
1616025600,3611321141,5317453315,8928774456
1616112000,2966087693,4250168199,7216255892
1616198400,3051345258,3516033384,6567378060
1616284800,2766473783,3732937603,6499410812
1616371200,3184491062,4628162605,7812653667
1616457600,3443237841,4540082446,7983320287
1616544000,3483948620,5948271309,9432219929
1616630400,2914541826,6145217455,9059759281
1616716800,3138265767,4752381965,7890648282
1616803200,2771236523,3787337998,6558574521
1616889600,3076722094,2982227947,6058950041
1616976000,3435577609,5279118377,8714695986
1617062400,3450682133,4327186608,7777868742
1617148800,3772895744,5002164745,8775060489
1617235200,4019603687,3833460464,7853064150
1617321600,3760531828,3751209986,7511742403
1617408000,3787120027,3646922212,7434042238
1617494400,3640788733,3104416618,6745205351
1617580800,5664626365,4191437282,9856063647
1617667200,6289970594,4166157151,10456127745
1617753600,5962994424,5503641537,11466635961
1617840000,3953004722,3530476869,7483481592
1617926400,4267543709,3212377352,7479920480
1618012800,5627134296,5418200170,11045335064
1618099200,4879171485,3253727082,8132899167
1618185600,5712965420,4508818458,10221783878
1618272000,2737055830,3071191163,5808246993
